"2","Matteo","Zambelli","1991-05-27","teo.zambe@gmail.com",\N,\N,"green","1","ca978112ca1bbdcafac231b39a23dc4da786eff8147c4e72b9807785afee48bb"
"3","default_user","default_user",\N,"3d4ambunibg@gmail.com",\N,\N,\N,"0","f8c88490871f61694a3961f7306729755e25f92df9401e4b3fffb3190d7005fd"
"4","Fabio","Terzi",\N,"f.terzi91@gmail.com",\N,\N,\N,"0","16b5166722523b4575ef4017c24d5379cbc0b70b24de591e36b6fc575ab37f2e"
"5","lalorios","rios","1987-04-15","lalorios3@Hotmail.com","0",\N,"verde","0","bda90093f363fb9ebbfc1f450c7e97dffe55ee6821d734386320d0cfdd6569f7"
"6","guy","turkenitz","1962-08-27","guy.design@gmail.com","0",\N,"red","0","630d5d5cd6417ba687e9c24ae5f4b477f4fdaadb45f52b426dc3a2f24ef79fd8"
"7","jessica","johanna","1987-04-27","jessyalvaradog@gmail.com","0",\N,"verde","0","6115c5c1e1b0dec6449b29729c450304a6e13534664d841218af2b4c7b2662db"
"8","gela","andre","1997-02-26","andrea.gelardi@studente.liceomascheroni.com","0",\N,"giallo","0","1c628b1493f16080771a146e8a8b277a74c14cb33d12a1dbb0275bc57fa2b435"
"9","amit","chauhan","1989-08-02","amitchauhan.mech@gmail.com","0",\N,"red","0","e6ccc943f7c3e3a906cf07f98afe8a2225506bff7318d97a91e9c8dbc8dc8042"
"10","yulianus","sugianto","1974-06-30","julianz3074@gmail.com","0",\N,"blue","0","9cb67205c95cfd0c53b7f17b84f08f9b38ce6bd1dc29cca0134819a76a53e2a4"
"11","sue","codner","1971-12-18","scodnerclark@gmail.com","0",\N,"green","0","53c44257b155dff09eb94362b47b6b39d8c561d6973fbb147701defd2b09cb62"
"12","Chris","Godbout","1968-10-22","OFBeatdown@gmail. com","0",\N,"Blue","0","3b4baa69e739dbc43ba656bc05fd8c06fb97f3157f508de9355d3ba4ca9899ca"
"13","Chris","Godbout","1968-10-22","shagdaddyflex@gmail.com","0",\N,"Blue","0","89bd16850f3b5cae6795079808679c334645aee361f10ea5c41cae02f483faff"
"14","Matheus","cardoso","2000-03-29","m29cardoso@gmail.com","0",\N,"blue","0","ac11f8cf400df906054f4f34e505b91bf25762e6786c922011ca9f710dd203a5"
"15","ave","guardiola","1981-01-23","avelinoguardiola@gmail.com","0",\N,"azul","0","0e8770feae50acd88badf6dfd4222364cf49259442de7e8716126cbb276bf097"
"16","Kelly","Hansen","1979-07-07","Kelly.hansen79@gmail.com ","0",\N,"Yellow","0","ffec09ecb212467084f769fc3cbdf87dd5741a7ed2b943bd5465dbfe1959ebc2"
"17","Daniel","Divricean","1979-09-12","divricean@gmail.com","0",\N,"blue","0","27f896b556ec7a7bbc4f30bc96c22ffc28e20c9139d4a79f534def88af09a24c"
"18","amar","Yagoub ","2000-01-11","Yagoub853@gmail.com","0",\N,"play football ","0","addbec1005a4353dcd9ca2665a5e1782e7df7d788cd6653c325455ea103f74c8"
"19","gvv","gvm","1981-12-29","Vitalie.gnatiuc@gmail.com ","0",\N,"rad","0","033a23721a6bf3a58fb446f04a1fe76cacb9c47386fc256fd7707cb2a083f439"
"20","sansan","santana","1980-02-27","sansan.santana02@gmail.com","0",\N,"black","0","99e4cb36a219b87ed170aee396be8b3140f95a5bb9de99abdbf0164b6860abcf"
"21","mikael\
","nunes","1988-09-10","mikael_josivane@yahoo.com.br ","0",\N,"preto","0","489e10913a9bbef0bab7871efb4d21dffc4ebfeab0278140f461a57382a8b7b1"
"22","Ilaria ","Rancan ","2001-05-18","rancanilacra@gmail.com ","0",\N,"red","0","77a59da6c0f920c59861bc740e63151adc7aaf8a319d72656d13832e0baf5880"
"23","dalila","ferreyra","1990-06-16","dalila_ferreyra@hotmail.com","0",\N,"rojo","0","08a8dae3f88bc3a9a66f128a41670eee23301052271cd8783386853d47562736"
"24","mahroof","mahru","2008-01-31","nafiyarm@gmail. com","0",\N,"blu","0","b232e2feca55dbc48c6d56ac87e5aedd20e4406e116e372c4fcd5fa19b989523"
"25","rodrigo","gomes","2001-05-01","rodrigo20155gomes@gmail.com","0",\N,"branco","0","4d4aaf6b3b06d8bfc8633cb6e160be4ab9a56e01baa98052c6da76d132d82c62"
"26","Carlos Ivan","Flores","1993-02-20","ivanflores821@gmail.com","0",\N,"red","0","e43f83bb8bf04ab231b78b5d22fa3ec0b0c2c1bc7cd481b7db84cdaf7b86dea9"
"27","abraham","lopez","1998-07-08","abraham_malito@hotmail.com ","0",\N,"blue","0","4bd9354bb652233497a0f42647464b81b83a83654fcf1511263a5d0120d74c91"
"28","Éric ","bergier","1986-01-22","bergier_j@yahoo.fr ","0",\N,"bleu ","0","83832cfce38ff999a0e28e6d32514f28401447a5b4f8081db4f4ce88316692af"
"29","sabrino maogo","sabrina maong","1988-05-23","loaderprovav18@hotmail.it","0",\N,"red","0","5f3d6952c5c5e22077fabf461de80f1ce475752fe75afcf5ca46bac438405619"
"30","reda","albani","1984-05-24","abohamam45@gmail.com","0",\N,"grid","0","f0f3f4339dfc42044c6ccfebae24eb407a97c349cd544878c2a5719d2874d73d"
"31","gaby","val","2015-02-08","gabrivalencia1@hotmail.com","0",\N,"rojo","0","c775e7b757ede630cd0aa1113bd102661ab38829ca52a6422ab782862f268646"
"32","djax","walix","1994-05-28","djwalix3@gmail.com","0",\N,"red","0","72eb9bb1c922df0a287f014d75d158a2000a3caa21f1604d342f43c47273d9b3"
"33","kannan","M","1981-09-21","muthialukannan@gmail.com","0",\N,"Green","0","78e105bad767eb32f84d231b3b4209dd3b75f4b1cbf0ceeec5d6ea01bd47dc77"
"34","Mehedi","Ahad","1990-01-01","I.am.ahad@outlook.com","0",\N,"black","0","acd292460284afa1c01fd8a1781c8c370c4938f82439a54135470b0f900448d5"
"35","s","Liteplo ","1979-10-28","sliteplo79@gmail.com","0",\N,"red","0","7b13a99990be286c30b1a15626f430e38a69797da41bb5225d006a634992827c"
"36","winoo","maung","1980-01-01","winoomaung059@gmail.com","0",\N,"red","0","3bfdff1876d31998b0143f91f005c124ad60ed7fbd1685874c907db8588a0609"
"37","mohammad","shoaib","1989-12-15","shoaiba16@gmail.com","0",\N,"white","0","e845af1691a346e3d297ef3cf993f3568dacacf83f90812a2fcd70c829c03c0a"
"38","eddy","hart","1965-01-02","eddy.hart65@Gmail.com","0",\N,"blue\
","0","dd399f3084698d193736550eb8f08e1bb3ec02643bff297e3be0a010cf5696f6"
"39","elton","eltonvs","1982-10-16","eltonbado@hotmail.com ","0",\N,"preto","0","3f5b88ecafa0f2f363df550f0eb2a9e37343dfad5603b8917f490dfb1037c886"
"40","altnnyn","altnnyn","1980-03-02","altnnyn@gmail.com","0",\N,"qwerty","0","ef51306214d9a6361ee1d5b452e6d2bb70dc7ebb85bf9e02c3d4747fb57d6bec"
"41","kiko","xtico","1986-08-04","kialsky@mail.ru","0",\N,"green","0","7091fa728c1192b16fa861bff775e644f7cb85ef5394d89885dca0ee6248ea38"
"42","hj","kolkman","1983-05-31","Harm.jan.kolkman@gmail.com","0",\N,"black","0","9d68fea0dbc8bb503df4d2d1794e62ed182005c7a12f0584164444bacd3691fb"
"43","adilson","araujo","1987-01-01","adillrocha@gmail.com","0",\N,"pretat","0","f38326ff0961a6c658309aed63b0c020eacf6d93dabc4372b1ed0c96824f50eb"
"44","bub","house","1983-06-25","whouse7227@gmail.com","0",\N,"blue","0","c65d1e3c3399741ac4a643a96a7abfdf643833f7a1bd35bec5254d30a2878349"
"45","hadi","davoodeh","1998-05-29","ic66t1393@gmail.com","0",\N,"blue","0","7e7b5941351bfe1e23e37ffb0665a1041a682ecd2c8189054ccc94b16d3a21cd"
"46","auob","sadeghi","1994-06-02","auobsadeghi@jmail.com","0",\N,"blond","0","98b26ecd81cad32a1ca6162ec636a34b62ce0f272809b2c4f42a670a0fb5123f"
"47","masoud ","abdolahi ","1996-06-02","masoudabdolahi9293@Gmail ","0",\N,"black ","0","fab2b0839ab09ec972b2ab7b335587bb61fa9362cbeaf6ff6da856b93c72d76d"
"48","masoud ","abdolahi ","1996-06-02","masoudabdolahi9293@Gmail.com","0",\N,"read ","0","fab2b0839ab09ec972b2ab7b335587bb61fa9362cbeaf6ff6da856b93c72d76d"
"49","Alireza","khodadadbeigi","1993-10-01","Alireza.water39@Gmail.com","0",\N,"green","0","5f6718bc5790a1ffd7c8036d2f48a8e50b4f66a2d500a1f3d416f38ed763cf7e"
"50","javier","Merced ","1996-04-13","j.Merced0722@gmail.com ","0",\N,"blue","0","ca30e2a9cb9b843f77435ac23fb563d89ed396d899f9f0c891f0fd040d5cecc3"
"51","iman","erfaniyan","2015-05-02","iman.sarhad@gmail.com","0",\N,"black ","0","a07498af41ef911cc772834fe41d8eaff8e58ae304e2eda338f904018c2de238"
"52","agus","pribadi","1965-08-18","aguspribadi60@gmail.com","0",\N,"black","0","7cea864a6be11ae5b3943f7086d0e58b1aabd801cbd3c7528c6064fb726440f7"
"53","gabriel","Muñoz ","1992-06-30","gabriel.munoz.o@live.cl ","0",\N,"green ","0","d102c0daaa260855654865a30d10e13278d87cc19481b9c81dc50a175f7352ac"
"54","Aline","Arêas","1986-03-31","linenem_10@hotmail.com","0",\N,"rosa","0","bb6d5ac79ff2593e6e0a23837179f13ac159196e26fe8b76a9e083b5d7b7284f"
"55","ghasem ","gholami ","1999-06-04","ghasem.gh056@gmail.com ","0",\N,"read ","0","720a06817b585894883b568b334c9c79e07d317ed1e99f07059d2956ea9c8805"
"56","den","de","1999-06-04","adingrahman70@gmaikl.com","0",\N,"red","0","255885ae179807d593a5383a92f162451c6f84b118fb69ebe57e57b1ea66f68e"
"57","jack","friend","1985-06-04","jackfriend98@gmail.com ","0",\N,"orange","0","e3dabd1bf7d000d0a1669846b44f19fe79302ff50f67684bd9004eb4a33e6b54"
"58","???","?????","1999-06-04","www.mahdi1212.90@gmail. com","0",\N,"???","0","268b38b5dfb57c3bf9a9ca1db86ef3609df615e425a6b3a0fac01d978e8fc3cf"
"59","Marcos ","Maciel ","1954-10-06","Marcosantoniomaciel@gmail.com ","0",\N,"Blue ","0","73566b138e85ae29b9445198f4bffea13499dc8c618ed88aa96734b66b485780"
"60","mohamed","ahmed","2001-12-12","mohamed0102250@gmail.com","0",\N,"red","0","786e2b6ef553283baf74de28cb83bc51fa78a12d28e0841a5a124a6ab0d16e81"
"61","majid","+++++","1998-10-15","majidbomb@gmail.com","0",\N,"green and yallow","0","7b7c10314c80d8f9c6fb213746e3ea0450f9e1daf6c1a5a5dc00823458938008"
"62","taranom","radmanesh","1995-07-14","taranom.radmanesh20@gmail.com","0",\N,"red","0","d724a54efefd1cb7c57ce72822a62506fea42db260804e88f4233f22075da88e"
"63","maks","vol","1989-06-07","maksimvolchkov@gmail.com","0",\N,"red","0","272228055649002aa68a0787a821ee7e0eff838b2053b6d08531f26b39e09473"
"64","nima","nima","1995-05-29","y.a.r00054@gmail.com","0",\N,"nima","0","4d5afa02b68041e0f8e5414cbce5dce9bc5a39c7fc133b5502142e32f3d82041"
"65","vahe","begoyan\
","2002-07-23","begoyan.02@mail.ru","0",\N,"anasss\
\
","0","1a08a5b16b4a48a3e0c42cd828ee604d648f2294bbffb253aa3f3d16dffc5fda"
"66","saeed","sabzeh","2002-01-07","saeed.sabzeh.80@gmail.com","0",\N,"blue","0","c06cb98b256803e917a7aca2974f44fdf45e6dc7485627b522c338ca4b78be54"
"67","mamdouh","sayed","1998-01-01","xman2093@gmail.com","0",\N,"rad","0","44bf8333b241c4d7c9b61e2f7d355266d1faf0d790b08a0c945b41cc0c2fb871"
"68","flavio","rodrigues","1979-06-12","familia-fla-ce@hotmail.com","0",\N,"black\
\
","0","64827b88a72ceb1fad2e166ef2e1ccbc8957b9577742a1f9d72a70abc48ec21c"
"69","muksin","nuryadin","1983-06-06","muksin.nuryadin@gmail.com","0",\N,"blue","0","29727e7817434e7bbe0abfcb5cd9025e76da8cac116722ecbfeef71c8f69dd12"
"70","agus","berme","2003-01-08","bermejo6769@Gmail.com ","0",\N,"\
","0","38049b34824df0a2a0fedebafd0750e4a0521e10bca8f50de30cfc42e3ead9c6"
"71","qwse","qwsa","1990-06-10","eers@hotmail.com","0",\N,"blue","0","ef797c8118f02dfb649607dd5d3f8c7623048c9c063d532cc95c5ed7a898a64f"
"72","abde","rachid","1991-11-11","fahad01@hotmail.fr","0",\N,"agadir","0","b368cc4a188036222d3f234ba7cc978eef5ccaf2985e4f21c4a04a32e9c9ff11"
"73","ahmed","albalushi","1984-07-12","ahm535ed@hotmail.com","0",\N,"cyan","0","2113a11b095704bd7e14c8e7d232574cdb544535ba11462dd527fbe3982e3b4f"
"74","hamed","mohammadi","1993-01-11","hamed.hm4g@gmail.com","0",\N,"red","0","da28a59cd63760d1eb9c1038fd50fafb60825a8847585f0c9bcca880c16b0aef"
"75","mani","imran","1988-10-22","mani14386mani@gmail.com","0",\N,"black","0","d3ebe3fb893277511368e0d494dd7e23474254902c06c876156fe8658de8b07d"
"76","raya","novin","1998-06-12","raya.novin2014@gmail.com","0",\N,"yellow","0","c775e7b757ede630cd0aa1113bd102661ab38829ca52a6422ab782862f268646"
"77","Manuel Jesús","Cejas","1978-12-24","dforce22@hotmail.com","0",\N,"azul","0","60c92e271d5ea7ffcafc97de0691ccb4b3d53578cb6280489bbd3f6ae59a0845"
"78","alireza","thr","1984-04-21","alirezaaa.t@gmail.com","0",\N,"pink","0","547c25b9bd62bb771c3aeaceadebeaedb5c89369a6fd030d39c809cbe099cf39"
"79","vaseem","moosa","1995-01-30","vaseem9645@gmail.com","0",\N,"red","0","9fcaf6b99b10c3a9efde0a831d65e8ee85040cbc4ed72f9998175c1138ac16cf"
"80","khum","sriviranon","1981-06-06","khum6624@gmail.com","0",\N,"khum6624","0","fc592194e21531bab08a03c7bb215a65c071e2171883befff594272ff33c4a79"
"81","peter","sievers","1995-04-22","sievers.01@hotmail.com ","0",\N,"blue","0","59a571c0abeef2968f2a81e8b3e3019415f88e155d11024653edb8e612b2b180"
"82","enrico","casaretti","1993-09-28","enricocasaretti03@hotmail.it","0",\N,"red","0","e5e18e93755dc0c967c6ad70f478400d2cb3656a149b1bfad03927c9794fed9e"
"83","fred","b","1971-01-26","frederic1.publique@gmail.com ","0",\N,"blue","0","e93e24c1b877a15df5e4a8cbb20f351b891b750779cf5e8fb99119a7142d89cf"
"84","moein","na","2004-06-16","najafi477@Gmail ","0",\N,"black","0","eae7f50041ebd74d1297a099cb82c29de3f996590d8d37056c657d47017b9bf7"
"85","khan","agha","1995-06-05","multithinker@hotmail.com","0",\N,"blue","0","8d969eef6ecad3c29a3a629280e686cf0c3f5d5a86aff3ca12020c923adc6c92"
"86","Ashok ","karkala ","1985-06-16","dkashu85@gmail.com ","0",\N,"Green ","0","700b0b9958b23c1a9e59be2a66ac6372c961de1002234923a72f32d4cb4818c8"
"87","david","d","1977-06-15","dawid.mailbox@gmail.com","0",\N,"green","0","e8e7b468dcb0446072821a7e5ffb21344ac784c3d6a02192f58df2764cd555e6"
"88","Minhoon","Park","1972-11-05","freejun7@nate.com","0",\N,"gold","0","3b4ee3c9047b2ec4e1f6c6a993649451cec045c1d5ea81364806080533b8a7c9"
"89","mahmood","naderi  ","1981-07-17","mahmoodn493@gmail.com  ","0",\N,"white  ","0","972ebeca29015073463892fda177d5d89c180047f8db3ceb7a00bcad0fc1d051"
"90","zuber","khan","1994-02-02","zuberk361@Gmail. com","0",\N,"white","0","250c88111015110ae7443fda98883697e87140494ec6323fee5d387ffa549985"
"91","eric","lorenzo","1980-06-17","thesupremeleader@hotmail. com","0",\N,"red","0","03ac674216f3e15c761ee1a5e255f067953623c8b388b4459e13f978d7c846f4"
"92","Chris","Yang","2000-06-11","chris312319@gmail.com","0",\N,"blue","0","6e1ddeb0e1d8b5332d6e11a3452972f4701150718b83f38b28c8a5da8c26f974"
"93","jung","sunkbum","1969-08-15","sunkbum@gmail.com","0",\N,"black","0","babe61f2a3a8fd5b428a5f5e22aa5405c540908df289a934b41a2bff262c4f2d"
"94","?","??","2011-06-19","adg@naver.com","0",\N,"???","0","85b807f0e0e695854ee40fe5ae6fe4dc37303b2a657fb20365d61cc1ffa17efb"
"95","cj","ewan","2003-09-11","nbnbjgjgjjhkhk@gmail.com ","0",\N,"black","0","8321f9eefbf2266fcba5a2552fe75041c25b92e706946d56bfb0385534dc0f42"
"96","aprina","maria","1986-04-11","aprinamanggora@gmail.com","0",\N,"green","0","0486b2ffded6577078291061d6960e1a5c6834fe79054f05365624e685019e6b"
"97","andre","da costa cruz","1983-06-01","costa.cruz_ep@hotmail.com","0",\N,"preto","0","942dc78e5d0cc0b4768888ffbb9b402cd284ac5ffe685c880edcf032d7e9fa7b"
"98","flaviane","azevedo","1983-01-25","flaviane@fas.com.br","0",\N,"vermelho","0","af9dbf857c23f356b7e5ee360748bd89813c9b12bd5f1a552d4ec6cbbea0a8da"
"99","Arturs","Dobrecovs","2000-01-06","latvia926@gmail.com","0",\N,"gold","0","9527698c4de16a677504c5fa418c84e812da252544ffdbb072d387e4385cddf2"
"100","yaser","binam","2002-06-28","yaserbinam97@gmail.com","0",\N,"red","0","2b893952901bbc1c9acc1d43e659c817a418e0d28b254f02ca754de99ad438c7"
"101","Sachin","Babhanikar","1979-10-23","babhanikar@gmail.com","0",\N,"Sky Blue","0","745917418863e9a4bca8cf081f540478d12d96191dad5060212c7da5ecaee4dc"
"102","lamine","amira","1989-06-21","lamine_fc@hotmail.com","0",\N,"black","0","c8aaa8b9f198d1125e5c82f845d3c354be60e852c1d870c9c190cbf1ea442594"
"103","tatang","muhtar","1973-04-15","tatang419@gmail.com","0",\N,"black","0","acaed6e469eea0d58f10bccfd65ee2ade3d8a55b2ba825a1681df3dbdb4a801d"
"104","Nugroho","Atmojo","1964-04-23","n.1964.da@gmail.com","0",\N,"Blue","0","bb0ce73cfe0cc1c4edbc288a72564db65403b6c6be38642751d3a536663244bd"
"105","VAHID ","NEJATI","1997-01-06","nejativahid@yahoo.com ","0",\N,"black ","0","8707b7154411b98b81e406b1dd1653d32b2e965f3ac59d47201d3fdaf0f50643"
"106","amin","khalil","1988-05-28","amin15153@hotmail.com ","0",\N,"Black ","0","c947a206c76ae74b045ff57d2943a3869a39827c3a5612816cc1ac8cd9e865c1"
"107","Prashant","Gupta","1992-12-25","prashantdex544@gmail.com","0",\N,"Red","0","d079b341029f5e7b174de5963d79067c0ea234266e5083e58d729b62a0dcabee"
"108","Alexis","Ortiz B","1986-11-04","aleandreacel@gmail.com","0",\N,"rojo","0","411c517a9111520055496e4181d7e86b8cb4fe68a69e28b581242c49bcd808bc"
"109","mahesh","setty","1976-10-15","mahesh.setty.mb@gmail.com ","0",\N,"yellow ","0","1643bf0edef017de542ff9a5e64143321ce50687627df2a442f0272686f0114e"
"110","fjh","vch","1997-06-27","allberrt@mail.ru","0",\N,"gret","0","0a68a16be1dda4348a50bc02268df90e86b6c2024c96b1980c09585d48248ba0"
"111","Jesús","Troyano","1974-04-19","jetroyga@gmail.com","0",\N,"verde","0","318591c190353407776b0c689c7b06ddcd8528359c8d789db088e456307d9291"
"112","Leonardo","Massa","1991-04-11","Massaleonardo91@gmail.com","0",\N,"green","0","7a6c319f52ebdb6b560376ac56ec2c1e8fcb30d45a8ae179f615b1e6789be65c"
"113","hfgfds","dvffgd","1984-06-11","druft1979@yandex.ru","0",\N,"asq1979","0","edd1e8f989639a851bb7e3c0678bdb04a2035443950ed50b2127fcc8890427b2"
"114","markoz","garcia","1985-06-23","markoz_garci@hotmail.com","0",\N,"azul","0","4837792ed39173f4f315249a50bd8be3dff51505a1b1b6c053d18ded78e556eb"
"115","nito","gonzalez","1985-07-17","nitomierda@lmail.com","0",\N,"naranja","0","18eb94c72cb443971f76386d0b1d8813708e5233bbe55e7b9fdb7d44d21fbf4b"
"116","pippo","caruso","1963-11-14","mmhigh@tn.it","0",\N,"black","0","31b9f930565a8cd9d9de469fdd3bf7dbb09c018bfaeaac7b0aeca3bc6573a0b0"
"117","mohammad","azmoode","1996-07-02","mohammadazmoode@gmail.com","0",\N,"red","0","a320480f534776bddb5cdb54b1e93d210a3c7d199e80a23c1b2178497b184c76"
"118","ilkhom","rakhimov","1998-03-10","ilkhom98@mail.ru","0",\N,"red","0","901e0fefe30dbb269de503609735a206698d2b6bf6e7e8296d92ac052a68ab3e"
"119","Kyle","Butler","1997-07-08","nikkilarsom@gmail.com","0",\N,"Green","0","eb4de46f65c01cf02c32d7333ba7fe93ccdb85c8b9a784af7eb2296c9743f8c2"
"120","nur","minhalina","1998-10-30","nminhalina@gmail.com","0",\N,"red","0","893a2c9216a2b36fee01ed9787b0a9e9deff6af9ab2a53d35b3959ccd155b873"
"121","Ishaan","Panchal","1975-11-25","ishaan.Panchal.ip@gmail.com","0",\N,"Black","0","5cc4311143b82c19a90b408328b9319ba004ba6fe62fa4214db21ca129773127"
"122","syahbintang putra mulyana","bintang","2005-06-01","syahbintangputra.mulyana@gmail.cim","0",\N,"red","0","0a3bdc7a65c92e3cd2c54b80a1ab3c33c5794ed6361c908277ff9233ea105a19"
"123","James ","Apin ","2015-03-18","akuudanakuu@gmail.com","0",\N,"Blue","0","29f5f0cbeea2f41a57dfc489788abfd35e12b4264643ac0d6d298309964ecd8c"
"124","Andrew","Voynov","2001-10-26","scorpiu01@mail.ru","0",\N,"bright green","0","f43dea5ae012b17b196ee5f1a01a195d36d24930979788addcecf0d6120d105c"
"125","Jackson","Oliveira","1974-11-28","jacksonfdo@gmail.com","0",\N,"blue","0","db0b554fa8badcdfea179aebb8298901b5d8ee101c52bee14c15499e5eedfa14"
"126","amin","mirzaee","1997-04-30","amin.mirzaee.r@gmail.com","0",\N,"blue","0","80e6ec123c4213ce9bd05342124a480be2a662dd75291846c78940151dead329"
"127","reza","ebadi","1980-09-22","ebadireza571@gmail.com","0",\N,"red","0","c06378298a83af73ca74087ed74032e04937acd1e071f301ee983507ec6de886"
"128","Fabrício","Falco","1982-07-02","fabriciofalco@gmail.com","0",\N,"blue","0","3aa3bd84cfa2ae2ba84a8854c4e79647592711aaf11a043bd42027589674f320"
"129","hunter","Alexander","2001-03-19","hualexa19@gmail.com","0",\N,"green","0","44cdcd4cf53506377b98f154e0cb3bac220343b2a33c0851e66ed9a7fcd3b30d"
"130","ye","minoo","2015-06-07","yeminooayi@gmail.com ","0",\N,"white ","0","f6fbaadaf2d0022748bdc296324255f354c58bcb755f025086aed67e07246164"
"131","naitik","patel","2001-09-07","naitikmeet@gmail.com","0",\N,"red\
","0","fa18b0efa4f01d0e1cc7014a619385af3dce6913f981f16c9013eb29c6b3c285"
"132","tunn","myat","1991-02-15","someone.you91@gmail.com","0",\N,"black","0","50f6a13e8b8b2d205e80eb93e875163cad76d8b88549ff6b1ce9e9ec9c47aab1"
"133","Joseph ","Miller","1990-08-18","joethewarrior007@gmail.com ","0",\N,"Red","0","8d7efadb73aaa94e4721393eee19006eb6f9bf756c0e728642a13bb557457182"
"134","pisi","wibowo","1963-05-19","pisiwibowo@gmail.com","0",\N,"black","0","f27fbd2518a1f5dadbd6d25cc5e6176f3c728ce3c9e4952859bb9f65539760d3"
"135","pouyan","bhzd","1985-12-16","troy83b@gmail.com","0",\N,"green","0","cdbd6bfc5475f31b0a1f2eeee1539f1efa0b0e6c08a3771a651de2bb9a750286"
"136","mandeep","randhawa","1979-12-19","rmandeep@hotmail.com","0",\N,"black","0","ae39d52873e43ce78e49e94a0579982b8eaa53835bb364bc75c62d6f0480052a"
"137","Gilberto ","bobika ","1985-07-29","distryks@hotmail.com ","0",\N,"Green ","0","8bee4edf9703cd375c13b839f7cc0d973717051199e6f6a96e5e07d2308e89de"
"138","javier","demo","1970-09-23","javierdemo@gmail.com ","0",\N,"blue","0","0a92efb1b91ac02c858ab205fbb6baf44d67e8d1e625600a11020cfae50065da"
"139","Mousa","Sharaf ","2001-09-18","mousamahmoud37@gmail.com","0",\N,"blue","0","c7a901ecb9fd386d85487f3e7d63ddf6375579ed810cfa9c6e08222affb35540"
"140","abu","bilol","1988-07-01","sanjarmahmudov@gmail.com","0",\N,"green","0","bffeb5b48df395ac0d1a641325c8f3f5d27e67eb6f18c9541bfd9d52f4571702"
"141","Héber","Silva","1992-05-11","heber_and1@hotmail.com","0",\N,"preto","0","e1369f535fdada62c55f5eb824dffc9192770323ec0173429bc5afdec0370320"
"142","naing","ye","1987-09-23","yewinnaing20@gmail.com","0",\N,"white","0","5ccca65ab7782af88b294b963c115d0e227019fd10dd38cab85873e3505cb7f3"
"143","shahin","hz","1991-07-15","shahin.15@gmail.com ","0",\N,"red","0","2605471345c1df0854d5e242cf3848d9af95f00ab1c1d6821a9e9511b754f570"
"144","shane","shane","1990-04-14","koshaintgi17@gmail.com","0",\N,"black","0","dbcfb5d646af1da75b5f4fc46b384aec33febfe3fa196e1cd643aeb8dc78d923"
"145","raya","mahardika","1996-07-11","kawasakiklx20@gmail.com","0",\N,"red","0","8745f86640ad2ed6b8a2fd428845df3daa1cfcdba9ef74c0cfaa57cacec34f5b"
"146","rodrigo","foletto","1978-12-08","rmfoletto@hotmail.com","0",\N,"black","0","ce27924de6162d402c3f81490182c6f0228d3cae4e63ac8c4f98ffef27debaf9"
"147","mohsen","rabiey","1986-07-16","www.mohabat20082002@gmail.com","0",\N,"blue","0","f8dfc494cfc0c15ca6fdac89ce58c43b4f10be8eadaebc0a9658ebd68eb2d4eb"
"148","milad","somer","1998-03-21","miladsomer@gmail.com","0",\N,"red","0","d2d343f34206dd5ed59b228b8546b319b27fadd5124838bddc4e461d320257ac"
"149","akira","seetarm","1997-06-06","akiraseetaram@gmail.com","0",\N,"blue","0","aaffbae5d58a29ae1456139c6a873ef924c1741fbc6b63dd6bdee737da46ce59"
"150","Albert ","López ","1974-01-10","Alblop@hotmail.com ","0",\N,"Green","0","61818a6fbef8257228599b2e7d2d64a7ea2057adc7657ac25097dec4a20e8386"
"151","Dennis","Renton","1971-01-03","dnuis@optusnet.com.au ","0",\N,"red","0","6abd21d065d8cc0f4b3f25a5695a455d7906a17cb2198839849fb1647c47c01e"
"152","brother","Los","1970-10-01","carlossudor@yahoo.co ","0",\N,"black","0","2744ccd10c7533bd736ad890f9dd5cab2adb27b07d500b9493f29cdc420cb2e0"
"153","Marco","Shettini","2015-03-12","Sallivan@blu.it","0",\N,"Blu","0","813b2cc7c09b7f8de0dfd55baa690a3951788f6815c41428c2507c08d2f86fb0"
"154","vagnr","santan","1997-08-19","vagner1314@hotmail.c","0",\N,"vhc","0","b04a508509a4b3cd0aa7a5a5824c3bce43e8512572cbc35506a255f6a56da2c5"
"155","moh","moh","1987-01-20","sissina21000@gmail.com","0",\N,"gris","0","0ee10ee53ac3c9fc8ff6b57ce401cd94722e0fa42f9361a277d6e2799d6669b8"
"156","Mashayikh ","Shaikh ","2000-11-04","Shakmash@gmail.com","0",\N,"Maroon","0","ac27af5f81eaa8fbcd1bab39e81cea39c0d94ca15b1c18bb9b33c9541bb14569"
"157","mojt","hsk","1996-11-07","mojtabasoltani1@gmail.com ","0",\N,"red","0","82b41880088e7714fe17d241ab6ee9b85bc6ff378728fe3191198580003ab6bc"
"158","kartik","yadav","1984-05-22","kartik.yadav84@gmail.com","0",\N,"white","0","0f76cb16cf1c163f48768fdb4dfa72f0753fff65200fb9572a81d9a535e33c00"
"159","Marconi","Soares","1988-06-04","marconi.bko@gmail.com","0",\N,"azul","0","56534147ab04eb25d073164a9d8ce7bc9d491a1f5a0170b290f728f6834cbdb4"
"160","MUSTAFA","TATLICI","1980-10-28","mt.musti.mt@hotmail.com","0",\N,"yellov","0","2f0f06a62fdb97fdf1fcca7cb37dbd908455806806da5e09d863831fa2c99ebb"
"161","ali","syria","1998-04-07","ali.syria12351@gmail.com","0",\N,"avvkv","0","9af15b336e6a9619928537df30b2e6a2376569fcf9d7e773eccede65606529a0"
"162","jose","junior","1971-05-25","jrubens.contas@gmail.com","0",\N,"blue","0","2bf0d6bdb8a46d98412806811193995c04475746b596267953309fce86299a34"
"163","franck","sousa","1986-06-02","franck_sousa@hotmail.com","0",\N,"black","0","e13bf746f67fbbee5df6926e86cad5ec6a2cc305643d3d849b1bda1ba4f85062"
"164","arvind","rajpurohitq","1988-07-24","arvindpurohit47.ap@gmail.com","0",\N,"red","0","4225b26929df071b276e14cf57cef5363134dee8234a46c19d835608f434354e"
"165","renato","david","1984-03-11","renado.davd@gmail.com","0",\N,"vermelho\
","0","efa41b4ad507b80f17335e2fcea2cd21df07417bafba2b50edb569dd79973b44"
"166","smk","tsn","1983-10-01","smktsn@gmail.com","0",\N,"black","0","c9790c774cd2e3428775fa219f37593f83990b4f64b6473cebdea6d701192988"
"167","faris","fanees","2009-03-20","alhdawy@hotmail.com","0",\N,"fofo","0","e5f3eeaa1bd63967066d7f44187d5146f6bb876aac4fb3e9b1b595cff47c8ef8"
"168","jean-pierre","bosq","1975-10-23","jeanpierrebosq@gmail.com","0",\N,"purple","0","47a69441a3f6c0740782dcc8bfe650c2d2c1e49db5a08491ead63275c47f5c0a"
"169","deri","mawardi","2014-09-08","doyok0101@gmail.com","0",\N,"red","0","09358824f5828df02a99cef9c438f2c8606ecfa4588c527cc69a22eacf8baa99"
"170","manuel","Robles","1977-11-15","kamamotoracing@gmail.com","0",\N,"negro","0","0516f4c2b6f9daa7455a5e036a274688fc6cff8ec7acc0b14831628f0032cf18"
"171","murizal","bearoem","1997-07-31","murizalbearoem@gmail.com","0",\N,"yellow","0","a5f26f1c4cda4a59e0704e6e5d1a3f9b93221f080d90c6d894414b83e7d57139"
"172","pawel","burak","1984-08-02","maniek80000@gmail.com","0",\N,"green","0","bda2056f149c7435c08dcb4cdc445b1782fdcc237f661816e45775a619392026"
"173","refat","albatool","1970-10-13","albatool1310@gmail.com ","0",\N,"read","0","cd053cc9657cf7d31b199e4a733c00f56ca73c9b0b8b966e213aa59f3bbbfb07"
"174","abokarar","koko","2012-09-04","abokararh@gmail. com","0",\N,"red","0","7d8f3103631032258223dc170afaacc581b4bb004e5748abff530c8f3dad9d5b"
"175","shemin","mohamed","1986-05-27","shemin.mohamed@gmail.com","0",\N,"black","0","ef1557ca924721b59f0d5508ed7110ab63e2659c9c469c14ba451781c802337b"
"176","stela","crisan","1994-05-14","crisansyela@yaho.com","0",\N,"red \
\
\
\
\
\
","0","e9a79b100aca53313367bdecc4f435a05f76f8d4f7216d04228f31dce14f81eb"
"177","Sting","Fler","1988-08-01","stingfler01@gmail.com","0",\N,"green","0","2105e622389e7187c2b7e53e071acf9b8a82d2fed7d3871f7351151cdcf2ce4a"
"178","eko","susanto","1980-02-13","gderezeki@gmail.com","0",\N,"blue","0","63ddbab1eecfcb6fa3159a97f84cf2dde3c50b95b699b0ae389fa73b9e745be4"
"179","Nick","M.","1969-09-22","skillzdestroyer@gmx.de","0",\N,"Green","0","576418e035982a8104c5a5cf334663fe20c1500827fef8edc3a054fcab23c2a6"
"180","keaton","sparks","2004-09-10","dqdrop16@telus.net","0",\N,"blue\
","0","68d14017ed720af5795f2f6aba400b59193e936c6c537dd9fb38f2b81919188b"
"181","abadi","alarbash","2004-08-06","abadi2004@gnail.com","0",\N,"red","0","b551275d42cd6521007fd5c47b2197179e552c02ee31f33bb937484f7fe0c5c9"
"182","mohamed","nasser","2007-09-15","mohamednasser321@gmail.com","0",\N,"black","0","33615a7cf9808318f2568a89a5c62ae180dd64a47b0b60513d1d69f23aa020ef"
"183","dhirajmoni","saikia","1973-04-30","dhirajmonisaikia @gmail.com","0",\N,"red ","0","6974bb5f5d49e28a54f461b2c9cb13e751e2e6a5435fea39809b7085c2b0a768"
"184","Arturo","Gomez","1968-10-10","Djarturo_68@hotmail.com","0",\N,"Rojo ","0","7dd9f698d9ef46768d50396c3769bdaf37af4a10fbf745f02710da45c3bc9a4c"
"185","gravel","noe","1978-08-09","namaku9@yahoo.com","0",\N,"red","0","3e8deefbc2b3bd6e4390a9b1bea5cddc698d47c0c73f450cf2c6b2fc9de661f8"
"186","renato","furtado","1979-07-14","rbfurti@gmail.com","0",\N,"black","0","23d9c88e74114c5d80b93cdede3a7549c29a39b55b8b9b3d983eb7407201cba4"
"187","rituraj","rathore","1983-04-26","r_rituraj@yahoo.co.in","0",\N,"blue","0","fa19c32f02c12a1223c710439403ac166c3a55a9c9af88cfada86861c7c67cb4"
"188","jhony","fierri","1997-05-23","jhonyfmr@hotmail.com","0",\N,"red","0","4983023e16f706bfb6da9d8fe7de79136d4e9733674ce8087f220f4c5a716973"
"189","ruslan","ivan","1985-03-10","ruslan@mail.ru","0",\N,"green","0","00e6b849361111a6581e9b574d2bcdc30a799fedc14ae1beed20c9a4ce7dc3b3"
"190","sardjono","uut","1964-05-16","sardjono.uut@gmail.com","0",\N,"hitam","0","81b34698fe9ff86f9d7f59de7c2ca01c56118a2a601b321ad2f27bbce9b0ec91"
"191","effs","fitris","1974-10-18","effa.fitria@gmail.com","0",\N,"blue","0","98069fab45c22f9324fb925f4b23b3317281c16baaf0755d65bcb7736e51d4cc"
"192","Moh","El-Naggar","1979-11-16","moh.elnaggar@gmail.com","0",\N,"blue","0","9afad8c4e22a3a4dc0d60560e3ac5d0517e5ee450c7191d1d5645f3947e2e9a8"
"193","Ganesh","B","1996-02-04","getttganesh@gmail.com","0",\N,"black","0","f0a0e2bc0c4eab1d64f1fb7d79074960a6e0c3ca333abe14d9dbe6ea5fbbe374"
"194","mimo","tavares","2009-08-16","xaropees2015@gmail.com","0",\N,"\
\
green\
","0","5a0e6fe00536728fb30af758166e8da8187ae600bf34dcb90a716b1acfdc0e94"
"195","?????","??????","2000-08-17","hasanentaha@gmail.com","0",\N,"reed","0","772a539b9727dfc1f426f49858d795e16038aa4c5f482e32e1e1dde027560dea"
"196","hasanen","taha","1979-08-17","q_aa66@yahoo.com","0",\N,"reed","0","772a539b9727dfc1f426f49858d795e16038aa4c5f482e32e1e1dde027560dea"
"197","cao","anh tuan","1977-11-10","caoanhtuan1977.1011@mail.com","0",\N,"red","0","3a3c9b09d514c5430259cc90a1be4a0117cd23b4e224a2f985882a6cbc406bff"
"198","Matteo","Zambelli","2015-05-07",\N,"1","2",\N,"0",\N
"199","Naman","Taneja","1998-09-25","pashitaneja25@yahoo.com","0",\N,"red","0","781594e6c89acdb8115b51c15656946c34681ff6c68fa2b4392fa59dc40db3da"
"200","mustafa","yashar","2002-08-08","mustafayashar.my76@gmail.com ","0",\N,"read","0","ec30d106ffff8b0bbd16a3c95a14306ac34b04924bb18596c7d85d547b78cabe"
"201","vagner","rengav","2003-08-19","unipage@ig.com.br","0",\N,"preto","0","91b4d142823f7d20c5f08df69122de43f35f057a988d9619f6d3138485c9a203"
"202","ravi","teja","1993-08-09","raviteja6242@gmail.com","0",\N,"black","0","810afbb399d1b3fcc00a6809d1d0efd85296932667190105e0c0c88b7d8b6be7"
"203","richard","alexis","1994-08-29","alexis-richard@hotmail.com.ar","0",\N,"marron","0","884159412a155abacf4c956313268ed10bb9f3b22db75c5b5a652d3be7df46ee"
"204","gabriel","rodrigues","1990-04-29","rodriguesggabriel@gmail.com","0",\N,"azul","0","30eafb96edfd71cc6c83465eb68248edf5bbbe743419bc431456fc0a28b3aa03"
"205","massimo","massimo","1981-11-24","massimoDidio@live.it ","0",\N,"nero","0","d0c4db3b6770bb7510b431bbac6169503a1d202062e8a8d8a66a25c6fd4bc4ef"
"206","G","B","1996-08-04","georgebowley@gmail.com ","0",\N,"blue","0","c2665ea3e12568c37b740ffa21751b197aabf0a164a7ca562906bd7c094dde34"
"207","max","patel","1985-02-07","maunikpatel85@gmail.com ","0",\N,"black","0","1f89b7dbe230ec2a8166b287f17a68020b1a17f49d345317ea41637c28a7b69b"
"208","Estevan","tomazini","1989-10-07","vahntomazini@gmail.com","0",\N,"Green","0","3b03fb24a09b786227b3718c3050e257a767a93f794ae6675b9f838c60354e64"
"209","shoter","2000","1989-05-28","Osamasnipr@hotmail.com","0",\N,"black","0","3ff7123e0ebdc006734700f4c5b84691b2309ed9788e95eaded08743c8680339"
"210","diep","thanh","1991-04-22","diepthanh2204@gmail.com","0",\N,"blue","0","1994cb209e98910981ae6c08b0c3548bd2e15030c06e47f28a3098b25363de09"
"211","alex","maux","1996-09-05","Alex.mautino@gmail.com","0",\N,"pink","0","a71a54bf149289f3d448c21ff762b57475ba872558084bda1a1d9982e0b6f108"
"212","shayan","ansarian","2001-03-14","shayan.ansarian79@gmail.com","0",\N,"blue","0","f9b4948c344be99703db911d175226b420ddeefd8636929468fbb0fb68ea4694"
"213","Rudy","Speranzoni","1971-12-30","chefsperanzoni@gmail.com","0",\N,"blu","0","24451445ab056582e67a43689de08a9326384fc248b0681f308898d56a5c9655"
"214","oziel","Silva","1985-02-16","neguinhoziel@gmail","0",\N,"azul","0","dbc5815eeccf783d4c446dd9ce57a0fe567f88bef6d8e11a3e542d282a2cc2fe"
"215","Kaylane","Santos","2000-11-20","Kaylane_santos29@yahoo.com.br","0",\N,"purplee","0","a98476980cc93ecfddb31b657cba2f0cad39419dc2e122cc4e51a843ce40b3d7"
"216","Marco","Molinaro","1982-07-02","molinaro_m@hotmail.it","0",\N,"black","0","01040590968c1dbcf41836dfcd4df636436b738b563ee831653b85bf9cca734d"
"217","Niall","McGurk ","1982-02-12","Niallmcgurk@gmail.com ","0",\N,"Blue","0","45a9e19d20e7147fbfdaecf0184cc6385ad365d903805b5e2398dfc1decc8362"
"218","hilelooo","lazzoun","2004-05-15","hilelooo@yahoo.fr","0",\N,"blue","0","6ac56698cdf0324fe1f38afbad1a3190d229431f91bd15924b0d82a9cc7bf8c5"
"219","pratik","kakade","1991-04-15","Kakadepsk@gmail.com","0",\N,"orange","0","2de93186ad69f49cb15913f3ea5b398b1936fa0b54127cbdee4f4e777ae68c52"
"220","kevin","williams","2007-08-01","salandas7@gmail","0",\N,"purple","0","efddefc4d4f3005077dd7f702a7ae02cafcf4839393c63053df561696915776e"
"221","aharon","shmonof","1970-09-09","aharon.sm@gmail.com","0",\N,"red","0","91bee7e1ca8cbc6366790fb5da109f0ed71dbaa518d5428ce355a53d672eff42"
"222","nic","leco","1991-04-12","nleco745@gmail.com","0",\N,"blue","0","ef797c8118f02dfb649607dd5d3f8c7623048c9c063d532cc95c5ed7a898a64f"
"223","heri","koswanto","1983-03-22","koswanto41@gmail.com","0",\N,"red","0","8f0cb1ecceb9e32caae0d8e8c9b96f48e0418a76b811f55face1fd61a7371aba"
"224","mostafa","rostamani","1993-07-28","mostafarostamani1370@gmail.com","0",\N,"gold","0","71fc6cb111479291301dff9144a7cf14b72712604f41d1750e973ee92aaa8ca0"
"225","Chris","Howard ","1968-01-15","Dongargoc@googlemail.com","0",\N,"Blue ","0","429542e94f5bebf040a5296d3575cbf12370c93750dc80a10daef08b19e04eea"
"226","pi","me","1970-09-18","skyline816@hotmail.fr ","0",\N,"black ","0","7611f1a57f80b0a87b4178e2e5f16bafa30dd0d9947d99f953c091d8c96abd0e"
"227","eslam","yahia","1982-12-13","eslamsolom_49@hotmail.com","0",\N,"red\
","0","f7d69c35eb484c3bc4819177700bc29dd627be47f9d53afdcf58ff3eb020d373"
"228","gi","cal","1980-09-23","ginacaliboso@hotmail.com","0",\N,"yello","0","f22290a2072a2b8d878348e63987f16b719c4d1949038bfa66d425ba8bb41638"
"229","mina","mourad","1981-09-01","minaaaa3000@gmail.com","0",\N,"black","0","a033e543edf628c4ccdae67a94a9684f842b08a64ef2e4c52340bc3a690552d8"
"230","david","lsantoz","1985-12-08","davidlsantoz@yahoo.com","0",\N,"yellow","0","4c12f4dce566493c5caa523f05c631b7dce221e2f6ff33f75ad6fe2f095da45e"
"231","chau anh","tuan","1967-01-29","chauanhtuan@gmail.com","0",\N,"red\
","0","52a7bb27f1b82df078894a126d02af71116ba2e951d0c942fa4127d40c8b179f"
"232","udin","din","2001-11-17","udindin@gmail.com","0",\N,"green","0","51a059124dc448cf511279abe496bbbf55e200abca799ffe32b9c89d875218cb"
"233","?????","?????","2012-11-23","Yaseen199@gmail.com","0",\N,"????","0","8db27f634523820686dbbe556cadca57e336cf0fa6dfb817255f78e1820a53fb"
"234","eddy","feghaly","2001-06-06","chichtawouck@hotmail.com","0",\N,"blue","0","c7cdc20ef7ec383804808162c20f72904f535af4f21ed2984fcbe6a276b6ec5c"
"235","jafar","samiee","1980-03-25","samieejafar92@gmail.com","0",\N,"red","0","05c00ba0e3f671ef0f9ec544de4c8f6d2ae1824d9aeeba51be0edb30066b0611"
